Unit,Team,Initiative,Описание,Стейкхолдер (мок),25_Q1_Стоимость,25_Q1_Поддержка,25_Q1_On-Track,25_Q1_Metric Plan,25_Q1_Metric Fact,25_Q1_Other Costs,25_Q1_Comment,25_Q2_Стоимость,25_Q2_Поддержка,25_Q2_On-Track,25_Q2_Metric Plan,25_Q2_Metric Fact,25_Q2_Other Costs,25_Q2_Comment,25_Q3_Стоимость,25_Q3_Поддержка,25_Q3_On-Track,25_Q3_Metric Plan,25_Q3_Metric Fact,25_Q3_Other Costs,25_Q3_Comment,25_Q4_Стоимость,25_Q4_Поддержка,25_Q4_On-Track,25_Q4_Metric Plan,25_Q4_Metric Fact,25_Q4_Other Costs,25_Q4_Comment,26_Q1_Стоимость,26_Q1_Поддержка,26_Q1_On-Track,26_Q1_Metric Plan,26_Q1_Metric Fact,26_Q1_Other Costs,26_Q1_Comment,26_Q2_Стоимость,26_Q2_Поддержка,26_Q2_On-Track,26_Q2_Metric Plan,26_Q2_Metric Fact,26_Q2_Other Costs,26_Q2_Comment,26_Q3_Стоимость,26_Q3_Поддержка,26_Q3_On-Track,26_Q3_Metric Plan,26_Q3_Metric Fact,26_Q3_Other Costs,26_Q3_Comment,26_Q4_Стоимость,26_Q4_Поддержка,26_Q4_On-Track,26_Q4_Metric Plan,26_Q4_Metric Fact,26_Q4_Other Costs,26_Q4_Comment
Client Platform,Auth&Security,Улучшение OTP,,"Eurasia, IMF, MENA, Drinkit",532 274,FALSE,TRUE,[MOCK] Снижение latency на 10%,[MOCK] Latency снижен на 12%,58 632,[MOCK] Успешный старт,952 723,FALSE,TRUE,[MOCK] Внедрение нового провайдера,[MOCK] Провайдер внедрен,285 287,[MOCK] Интеграция прошла успешно,1 244 563,FALSE,FALSE,[MOCK] Отказ от легаси кода,[MOCK] Перенос на Q4,25 038,[MOCK] Сложности с легаси,265 890,TRUE,TRUE,[MOCK] Стабилизация работы,[MOCK] Стабильно,58 648,,158 900,TRUE,TRUE,[MOCK] Поддержка нового провайдера,[MOCK] SLA 99.99%,10 000,,162 400,FALSE,FALSE,[MOCK] Оптимизация костов СМС,[MOCK] -5% затрат,5 000,[MOCK] Проблемы с договором,155 300,TRUE,TRUE,[MOCK] Аудит каналов доставки,[MOCK] Проведен,5 000,,160 100,TRUE,TRUE,[MOCK] Поддержка,[MOCK] Стабильно,5 000,[MOCK] Штатный режим
Client Platform,Auth&Security,Аутентификация,,"Eurasia, IMF, MENA, Drinkit",0,FALSE,TRUE,[MOCK] Анализ текущего решения,[MOCK] Анализ завершен,0,,145 286,FALSE,FALSE,[MOCK] Проработка архитектуры,[MOCK] Готово,57 057,[MOCK] Нехватка архитектора,101 160,FALSE,TRUE,[MOCK] MVP нового Auth,[MOCK] MVP запущен,4 173,[MOCK] MVP в срок,115 400,FALSE,TRUE,[MOCK] Миграция 10% юзеров,[MOCK] 10% переведено,4 183,,480 500,FALSE,TRUE,[MOCK] Миграция 50% юзеров,[MOCK] 55% переведено,20 000,[MOCK] Ускорились,250 000,FALSE,FALSE,[MOCK] Миграция 100% юзеров,[MOCK] Завершено,15 000,[MOCK] Баги на проде,50 000,TRUE,TRUE,[MOCK] Отключение старого Auth,[MOCK] Отключено,5 000,,0,TRUE,TRUE,[MOCK] Поддержка,[MOCK] Стабильно,0,
Client Platform,Auth&Security,Антифрод,,"Eurasia, IMF, MENA",2 063 914,FALSE,TRUE,[MOCK] Разработка модели v1,[MOCK] Модель v1 готова,146 581,,3 236 956,FALSE,FALSE,[MOCK] Тестирование на проде,[MOCK] Тесты ок,684 690,[MOCK] Ложноположительные сработки,2 440 685,FALSE,FALSE,[MOCK] Раскатка на всю сеть,[MOCK] Раскатили на 30%,37 557,[MOCK] Блокеры со стороны легаси,2 550 100,FALSE,TRUE,[MOCK] Завершение раскатки,[MOCK] Раскатано 100%,37 647,[MOCK] Финализировали,380 500,TRUE,TRUE,[MOCK] Снижение фрода на 5%,[MOCK] Снижение на 6%,10 000,,375 200,TRUE,FALSE,[MOCK] Автотюнинг правил,[MOCK] Внедрено,10 000,[MOCK] Ошибка в логике,382 100,TRUE,TRUE,[MOCK] Поддержка моделей,[MOCK] Ок,10 000,,378 900,FALSE,TRUE,[MOCK] Анализ новых угроз,[MOCK] Отчет готов,10 000,[MOCK] Новая уязвимость
Client Platform,Auth&Security,СМС-Атаки,,"Eurasia, IMF, MENA, Drinkit",217 255,FALSE,TRUE,[MOCK] Анализ векторов атак,[MOCK] Отчет готов,29 316,,145 286,FALSE,TRUE,[MOCK] Внедрение rate limiter,[MOCK] Внедрено,57 057,,244 827,FALSE,FALSE,[MOCK] Интеграция с WAF,[MOCK] Интеграция готова,8 346,[MOCK] Сложности настройки,205 600,FALSE,TRUE,"лимиты на IP в два этапа (сначала капча, потом ShadowBan)",Done,117 296,Факт сошелся с планом,55 400,TRUE,TRUE,"критическое планируем сделать в Q4, а в Q1 фоновая поддержка",Done,5 000,,54 800,TRUE,FALSE,[MOCK] Мониторинг инцидентов,[MOCK] Без критичных сбоев,5 000,[MOCK] Пропустили атаку,56 100,FALSE,TRUE,[MOCK] Оптимизация правил WAF,[MOCK] Оптимизировано,5 000,[MOCK] Плановая работа,55 200,TRUE,TRUE,[MOCK] Поддержка,[MOCK] Стабильно,5 000,
Client Platform,Auth&Security,Рейтинг клиента,,Eurasia,0,FALSE,TRUE,[MOCK] Проработка концепта,[MOCK] Концепт утвержден,0,[MOCK] Согласовано с бизнесом,0,FALSE,TRUE,[MOCK] Дизайн скоринга,[MOCK] Готово,0,,0,FALSE,FALSE,[MOCK] MVP скоринга,[MOCK] MVP готов,0,[MOCK] Задержка разработки,0,FALSE,TRUE,[MOCK] Пилот на 1 городе,[MOCK] Пилот запущен,0,,250 000,FALSE,TRUE,[MOCK] Сбор обратной связи,[MOCK] Собрано,10 000,,265 000,FALSE,FALSE,[MOCK] Доработка алгоритма,[MOCK] Обновлен,10 000,[MOCK] Низкая точность,100 000,FALSE,TRUE,[MOCK] Раскатка на РФ,[MOCK] Раскатано,20 000,[MOCK] Масштабирование ок,0,TRUE,TRUE,[MOCK] Поддержка,[MOCK] Стабильно,5 000,
Client Platform,Auth&Security,Анализ уязвимостей и поддержка нетиповых акций,,Eurasia,532 274,TRUE,FALSE,[MOCK] Пентест Q1,[MOCK] Найдены 3 уязвимости,58 632,[MOCK] Долгое исправление,145 286,TRUE,TRUE,[MOCK] Закрытие уязвимостей Q1,[MOCK] Закрыто,57 057,,244 827,TRUE,TRUE,[MOCK] Пентест Q3,[MOCK] Чисто,8 346,,105 400,TRUE,FALSE,"[MOCK] Поддержка акций ""День пиццы""",[MOCK] Прошло без сбоев,8 366,[MOCK] Инцидент на кассах,160 000,TRUE,TRUE,[MOCK] Пентест Q1 26,[MOCK] Пройден,15 000,,45 000,FALSE,TRUE,[MOCK] Аудит безопасности кода,[MOCK] Завершен,15 000,[MOCK] Внешний аудитор,160 000,TRUE,FALSE,[MOCK] Пентест Q3 26,[MOCK] Пройден,15 000,[MOCK] Критичные баги,160 000,TRUE,TRUE,[MOCK] Обновление политик,[MOCK] Обновлено,15 000,
Client Platform,Auth&Security,Влеты и Техдолг,,IT,0,FALSE,TRUE,[MOCK] Разбор бэклога,[MOCK] Разобрано 20 задач,0,,0,FALSE,TRUE,[MOCK] Рефакторинг модуля X,[MOCK] Готово,0,,0,FALSE,FALSE,[MOCK] Снижение техдолга на 10%,[MOCK] Снизили на 5%,0,[MOCK] Приоритет на фичи,80 810,FALSE,TRUE,[MOCK] Оптимизация БД,[MOCK] Ускорено на 15%,58 648,,100 000,FALSE,TRUE,[MOCK] Обновление библиотек,[MOCK] Обновлено,0,[MOCK] Без простоев,105 000,FALSE,FALSE,[MOCK] Рефакторинг API,[MOCK] Завершено,0,[MOCK] Нарушение контрактов,98 000,TRUE,TRUE,[MOCK] Чистка логов,[MOCK] Очищено,0,,102 000,TRUE,TRUE,[MOCK] Архив старых данных,[MOCK] Архивировано,0,
Client Platform,Menu,Заведение продукта,"Система объединяет создание продуктов, замеров и ТТК в единую платформу, заменяя разрозненные Excel-таблицы. Она решает проблемы с «фейковыми» ингредиентами и несовместимостью компонентов, обеспечивая автоматический расчет КБЖУ и валидность данных. Основная цель — снизить юнит-кост, исключить ошибки ручного ввода и ускорить запуск продуктов, делая процесс прозрачным для QA и R&D.","Eurasia, IMF, Drinkit",5 158 197,FALSE,TRUE,[MOCK] Сокращение TTM продукта,[MOCK] TTM -2 дня,219 186,,6 664 966,FALSE,FALSE,[MOCK] Упрощение интерфейса заведения,[MOCK] Внедрено,341 582,[MOCK] Негатив от пользователей,6 466 265,FALSE,TRUE,[MOCK] API для массового заведения,[MOCK] Готово,31 559,,6 150 400,FALSE,TRUE,[MOCK] Интеграция с ERP,[MOCK] Готово,31 628,[MOCK] Сложная интеграция,1 450 000,TRUE,FALSE,[MOCK] Поддержка,[MOCK] SLA соблюден,20 000,[MOCK] Рост обращений,1 480 000,FALSE,TRUE,[MOCK] Оптимизация флоу,[MOCK] -3 клика,20 000,,950 000,TRUE,TRUE,[MOCK] Поддержка,[MOCK] Стабильно,20 000,,960 000,TRUE,TRUE,[MOCK] Поддержка,[MOCK] Стабильно,20 000,
Client Platform,Menu,Ценообразование продукта,"Инициатива направлена на создание гибкой админки для управления ценами, налогами и скидками в разных юрисдикциях. Включает работу с ценовыми группами и автоматизацию импорта цен из дата-платформы, чтобы уйти от ручной загрузки файлов и обновлять данные по кнопке. Это позволяет бизнесу видеть реальное влияние налогов и наценок на прибыль, а также оперативно корректировать цены.","Eurasia, IMF, Drinkit",1 195 156,FALSE,TRUE,[MOCK] Гибкое ценообразование v2,[MOCK] Запущено,127 617,,1 388 609,FALSE,TRUE,[MOCK] Управление наценками,[MOCK] Готово,118 870,,1 291 191,FALSE,FALSE,[MOCK] История изменений цен,[MOCK] Реализовано,9 473,[MOCK] Проблемы с хранилищем,1 250 800,FALSE,TRUE,[MOCK] Экспорт прайс-листов,[MOCK] Готово,9 493,,280 500,FALSE,TRUE,[MOCK] Поддержка,[MOCK] Ок,5 000,[MOCK] Рефакторинг ядра,275 400,FALSE,FALSE,[MOCK] Оптимизация расчетов,[MOCK] Ускорено,5 000,[MOCK] Ошибки округления,282 100,TRUE,TRUE,[MOCK] Поддержка,[MOCK] Ок,5 000,,278 900,TRUE,TRUE,[MOCK] Поддержка,[MOCK] Ок,5 000,
Client Platform,Menu,Маркетинг продукта,"Разработка конструктора карточек товаров и админки для комбо-наборов, включающей управление слотами, упаковкой и тегами. Цель состоит в том, чтобы маркетологи могли запускать новые акции и комбо менее чем за 7 дней без привлечения разработчиков. Также решается задача корректного отображения продуктов и снижения количества ошибок при сборке заказов.","Eurasia, IMF, Drinkit",606 672,FALSE,FALSE,[MOCK] Конструктор лендингов,[MOCK] MVP готов,89 083,[MOCK] UX требует доработки,724 335,FALSE,TRUE,[MOCK] АБ тесты на карточках,[MOCK] Запущено,68 195,,662 139,FALSE,TRUE,[MOCK] Видео в карточке товара,[MOCK] Готово,4 924,,512 781,TRUE,TRUE,[MOCK] Стабилизация функционала,[MOCK] Стабильно,4 934,,150 000,TRUE,FALSE,[MOCK] Поддержка,[MOCK] Ок,5 000,[MOCK] Баг на iOS,155 000,FALSE,TRUE,[MOCK] Новые виджеты,[MOCK] Разработано,10 000,,50 000,TRUE,TRUE,[MOCK] Поддержка,[MOCK] Ок,5 000,,0,TRUE,TRUE,[MOCK] Поддержка,[MOCK] Ок,5 000,
Client Platform,Menu,Расчетчик,"Создание модуля автоматического расчета юнит-коста в разрезе SKU, конкретной точки и канала продаж. Инструмент связывает данные замеров, цен и налогов, позволяя отслеживать сквозную себестоимость и выявлять отклонения факт/теория. Это заменяет ручные расчеты в Excel и дает прозрачную панель прибыльности для финансового отдела и франчайзи.","Eurasia, IT",236 190,FALSE,TRUE,[MOCK] Оптимизация ядра расчета,[MOCK] Ускорено на 20%,25 275,,201 847,FALSE,TRUE,[MOCK] Поддержка сложных акций,[MOCK] Готово,8 760,,206 610,TRUE,FALSE,[MOCK] Рефакторинг модуля скидок,[MOCK] Перенос на Q4,188,[MOCK] Не хватило ресурсов,295 527,FALSE,TRUE,[MOCK] Рефакторинг модуля скидок,[MOCK] Завершено,42 478,,100 000,TRUE,FALSE,[MOCK] Поддержка,[MOCK] Стабильно,5 000,[MOCK] Инцидент в праздники,102 000,TRUE,TRUE,[MOCK] Поддержка,[MOCK] Стабильно,5 000,,98 500,TRUE,TRUE,[MOCK] Поддержка,[MOCK] Стабильно,5 000,,101 000,TRUE,TRUE,[MOCK] Поддержка,[MOCK] Стабильно,5 000,
Client Platform,Menu,НПЗ,,"Eurasia, IT",6 541 948,FALSE,TRUE,[MOCK] Старт проекта НПЗ,[MOCK] Старт успешен,303 297,,11 290 239,FALSE,TRUE,[MOCK] Разработка ядра НПЗ,[MOCK] Ядро готово,144 544,,10 531 014,FALSE,FALSE,[MOCK] Интеграция с кассами,[MOCK] Интеграция есть,3 099,[MOCK] Кассы не тянут нагрузку,9 850 400,FALSE,TRUE,[MOCK] Пилотный запуск,[MOCK] Запущено в 5 пиццериях,122 715,,2 150 000,FALSE,FALSE,[MOCK] Тиражирование,[MOCK] 50 пиццерий,50 000,[MOCK] Сопротивление франчайзи,2 200 000,FALSE,TRUE,[MOCK] Поддержка и развитие,[MOCK] Ок,50 000,,1 050 000,TRUE,TRUE,[MOCK] Поддержка,[MOCK] Ок,30 000,,1 020 000,TRUE,TRUE,[MOCK] Поддержка,[MOCK] Ок,30 000,
Client Platform,Purrrrfectionists,CVM Core,,"Eurasia, IMF, MENA, Drinkit",0,FALSE,TRUE,[MOCK] Поддержка текущих кампаний,[MOCK] Ок,0,,0,FALSE,TRUE,[MOCK] Оптимизация отправки пушей,[MOCK] Done,0,,0,FALSE,FALSE,[MOCK] Новые сегменты,[MOCK] Done,0,[MOCK] Данные не готовы,1 442 955,FALSE,TRUE,[MOCK] Миграция на новый движок,[MOCK] Начато,99 705,,800 000,FALSE,TRUE,[MOCK] Завершение миграции,[MOCK] Завершено,40 000,[MOCK] Переключили трафик,180 500,TRUE,FALSE,[MOCK] Поддержка,[MOCK] Ок,5 000,[MOCK] Упала доставляемость,175 000,TRUE,TRUE,[MOCK] Поддержка,[MOCK] Ок,5 000,,178 000,TRUE,TRUE,[MOCK] Поддержка,[MOCK] Ок,5 000,
Client Platform,Purrrrfectionists,Comunication center,,"Eurasia, IMF, MENA, Drinkit",0,FALSE,TRUE,[MOCK] Дизайн архитектуры,[MOCK] Утвержден,0,,0,FALSE,FALSE,[MOCK] MVP рассыльщика,[MOCK] Готов,0,[MOCK] Не работает шаблонизатор,0,FALSE,TRUE,[MOCK] Подключение WhatsApp,[MOCK] Подключено,0,,519 464,FALSE,TRUE,[MOCK] Запуск в прод,[MOCK] Запущено,59 823,,150 000,TRUE,TRUE,[MOCK] Поддержка,[MOCK] Стабильно,5 000,,250 000,FALSE,FALSE,[MOCK] Новые каналы (TG),[MOCK] Подключено,10 000,[MOCK] Бан от Telegram,155 000,TRUE,TRUE,[MOCK] Поддержка,[MOCK] Стабильно,5 000,,152 000,TRUE,TRUE,[MOCK] Поддержка,[MOCK] Стабильно,5 000,
Client Platform,Purrrrfectionists,AB тесты и аналитика,,"Eurasia, IMF, MENA, Drinkit",0,TRUE,FALSE,[MOCK] План тестов Q1,[MOCK] Выполнен,0,[MOCK] Ошибка выборки,0,TRUE,TRUE,[MOCK] План тестов Q2,[MOCK] Выполнен,0,,0,TRUE,TRUE,[MOCK] План тестов Q3,[MOCK] Выполнен,0,,57 718,TRUE,TRUE,[MOCK] План тестов Q4,[MOCK] Выполнен,19 941,,100 000,TRUE,TRUE,[MOCK] Поддержка платформы,[MOCK] Ок,5 000,,102 000,TRUE,FALSE,[MOCK] Поддержка,[MOCK] Ок,5 000,[MOCK] Данные не пишутся,98 000,TRUE,TRUE,[MOCK] Поддержка,[MOCK] Ок,5 000,,101 000,TRUE,TRUE,[MOCK] Поддержка,[MOCK] Ок,5 000,
Client Platform,Purrrrfectionists,Промоплатформа,,"Eurasia, IMF, MENA, Drinkit",0,FALSE,TRUE,[MOCK] Прототип конструктора промо,[MOCK] Готов,0,,0,FALSE,TRUE,[MOCK] Бэкенд логики промо,[MOCK] Готов,0,,0,FALSE,FALSE,[MOCK] Фронтенд админки,[MOCK] Готов,0,[MOCK] Фронтендер уволился,57 718,FALSE,TRUE,[MOCK] Релиз 1.0,[MOCK] Релиз успешен,19 941,,150 000,TRUE,TRUE,[MOCK] Поддержка,[MOCK] Ок,5 000,,250 000,FALSE,TRUE,[MOCK] Новые типы механик,[MOCK] Внедрено 2 типа,10 000,[MOCK] Сложная логика,155 000,TRUE,FALSE,[MOCK] Поддержка,[MOCK] Ок,5 000,[MOCK] Инцидент с купонами,152 000,TRUE,TRUE,[MOCK] Поддержка,[MOCK] Ок,5 000,
Client Platform,Peaches,Админка персакций 2.0,,"Eurasia, IMF, MENA, Drinkit",0,FALSE,TRUE,[MOCK] Сбор требований,[MOCK] Собран,0,,0,FALSE,TRUE,[MOCK] Дизайн макетов,[MOCK] Готовы,0,,0,FALSE,FALSE,[MOCK] Верстка,[MOCK] Готова,0,[MOCK] Долгое ревью,0,FALSE,TRUE,[MOCK] Интеграция с API,[MOCK] Готова,0,,150 000,FALSE,TRUE,[MOCK] Тестирование и запуск,[MOCK] Запущено,5 000,,100 000,TRUE,TRUE,[MOCK] Поддержка,[MOCK] Стабильно,2 000,,50 000,TRUE,TRUE,[MOCK] Поддержка,[MOCK] Стабильно,2 000,,0,TRUE,TRUE,[MOCK] Поддержка,[MOCK] Стабильно,2 000,
Client Platform,Peaches,Динамическое комбо,,Eurasia,0,FALSE,TRUE,[MOCK] Исследование рынка,[MOCK] Проведено,0,,2 967 915,FALSE,FALSE,[MOCK] Разработка алгоритма,[MOCK] Алгоритм готов,899,[MOCK] Алгоритм не сходится,114 159,FALSE,TRUE,[MOCK] Тестирование на данных,[MOCK] Успешно,0,,748 384,FALSE,TRUE,[MOCK] Запуск пилота,[MOCK] Запущен,32 965,,500 000,FALSE,TRUE,[MOCK] Раскатка на сеть,[MOCK] Раскатано,20 000,,160 000,TRUE,FALSE,[MOCK] Поддержка,[MOCK] Ок,10 000,[MOCK] Жалобы клиентов,162 000,TRUE,TRUE,[MOCK] Поддержка,[MOCK] Ок,10 000,,158 000,TRUE,TRUE,[MOCK] Поддержка,[MOCK] Ок,10 000,
Client Platform,Peaches,Поиск,,"Eurasia, IMF, MENA",0,FALSE,TRUE,[MOCK] Выбор движка (ES/Algolia),[MOCK] Выбран ES,0,,1 041 372,FALSE,TRUE,[MOCK] Настройка индексации,[MOCK] Настроено,0,,83 095,FALSE,FALSE,[MOCK] Реализация API поиска,[MOCK] Реализовано,1 532,[MOCK] Медленный поиск,225 400,FALSE,TRUE,[MOCK] Внедрение в UI,[MOCK] Внедрено,-551 082,,150 000,FALSE,TRUE,[MOCK] Тюнинг релевантности,[MOCK] CTR +2%,5 000,,100 000,TRUE,TRUE,[MOCK] Поддержка,[MOCK] Ок,2 000,,50 000,TRUE,FALSE,[MOCK] Поддержка,[MOCK] Ок,2 000,[MOCK] Падение индекса,0,TRUE,TRUE,[MOCK] Поддержка,[MOCK] Ок,2 000,
Client Platform,Peaches,Динамический промис,,Eurasia,0,FALSE,TRUE,[MOCK] Сбор датасета,[MOCK] Собран,0,,0,FALSE,TRUE,[MOCK] Обучение модели,[MOCK] Обучена,0,,462 820,FALSE,TRUE,[MOCK] Интеграция с чекаутом,[MOCK] Интегрировано,1 021,,889 069,FALSE,FALSE,[MOCK] АБ тест точности,[MOCK] Успех,-372 524,[MOCK] Тест не показал роста,200 000,TRUE,TRUE,[MOCK] Поддержка,[MOCK] Стабильно,5 000,,250 000,FALSE,TRUE,[MOCK] Ретрейн модели,[MOCK] Точность +1%,10 000,,205 000,TRUE,TRUE,[MOCK] Поддержка,[MOCK] Стабильно,5 000,,202 000,TRUE,TRUE,[MOCK] Поддержка,[MOCK] Стабильно,5 000,
Client Platform,Peaches,Старая админка промоакций,,"Eurasia, IMF, MENA, Drinkit",0,TRUE,TRUE,[MOCK] Поддержка легаси,[MOCK] Работает,0,,0,TRUE,FALSE,[MOCK] Фикс критичных багов,[MOCK] Пофикшено,0,[MOCK] Критичный баг,115 696,TRUE,TRUE,[MOCK] Поддержка,[MOCK] Работает,511,,142 379,FALSE,TRUE,[MOCK] План вывода из экспл.,[MOCK] План готов,-180,,50 000,FALSE,TRUE,[MOCK] Отключение модулей,[MOCK] Отключено,1 000,[MOCK] Поэтапно,20 000,FALSE,FALSE,[MOCK] Полное отключение,[MOCK] Завершено,1 000,[MOCK] Зависимость не убрана,0,TRUE,TRUE,[MOCK] -,[MOCK] -,0,,0,TRUE,TRUE,[MOCK] -,[MOCK] -,0,
Client Platform,Peaches,Прочие инициативы,,IT,0,TRUE,TRUE,[MOCK] Мелкие доработки,[MOCK] Done,0,,2 967 915,FALSE,TRUE,[MOCK] Технические задачи,[MOCK] Done,899,,115 696,FALSE,TRUE,[MOCK] Оптимизация,[MOCK] Done,511,,142 379,TRUE,TRUE,[MOCK] Поддержка,[MOCK] Done,-180,,100 000,TRUE,FALSE,[MOCK] Поддержка,[MOCK] Стабильно,5 000,[MOCK] Ресурсный конфликт,102 000,TRUE,TRUE,[MOCK] Поддержка,[MOCK] Стабильно,5 000,,50 000,TRUE,TRUE,[MOCK] Поддержка,[MOCK] Стабильно,5 000,,0,TRUE,TRUE,[MOCK] Поддержка,[MOCK] Стабильно,5 000,
Client Platform,Pilorama,Все данные по клиенту в клиентском профиле,,"Eurasia, IMF, MENA, Drinkit",2 099 052,FALSE,TRUE,[MOCK] Агрегация данных о заказах,[MOCK] Готово,62 400,,6 246 827,FALSE,TRUE,[MOCK] Агрегация данных о жалобах,[MOCK] Готово,44 502,,4 128 149,FALSE,FALSE,[MOCK] Единый профиль UI,[MOCK] Готов,67,[MOCK] Дизайн не готов,1 050 400,FALSE,TRUE,[MOCK] Запуск для КЦ,[MOCK] Запущен,84,,315 000,TRUE,TRUE,[MOCK] Поддержка,[MOCK] Стабильно,5 000,,300 000,FALSE,TRUE,[MOCK] Добавление новых полей,[MOCK] Добавлено,10 000,,205 000,TRUE,FALSE,[MOCK] Поддержка,[MOCK] Стабильно,5 000,[MOCK] Тормозит база,202 000,TRUE,TRUE,[MOCK] Поддержка,[MOCK] Стабильно,5 000,
Client Platform,Pilorama,Дообогащение из внешних и внутренних источников,,"Eurasia, IMF, MENA, Drinkit",0,FALSE,FALSE,[MOCK] Подключение источника X,[MOCK] Готово,0,[MOCK] Нет API,0,FALSE,TRUE,[MOCK] Подключение источника Y,[MOCK] Готово,0,,0,FALSE,TRUE,[MOCK] Валидация данных,[MOCK] Ок,0,,179 265,FALSE,TRUE,[MOCK] Запуск обогащения,[MOCK] Работает,28 039,,100 000,TRUE,TRUE,[MOCK] Поддержка,[MOCK] Стабильно,5 000,,150 000,FALSE,TRUE,[MOCK] Новые источники,[MOCK] Подключено,10 000,,50 000,TRUE,FALSE,[MOCK] Поддержка,[MOCK] Стабильно,5 000,[MOCK] Сбой поставщика,0,TRUE,TRUE,[MOCK] Поддержка,[MOCK] Стабильно,5 000,
Client Platform,Pilorama,CVM Engine,,"Eurasia, IMF, MENA, Drinkit",2 099 052,FALSE,TRUE,[MOCK] Оптимизация производительности,[MOCK] +15% RPS,62 400,,1 158 275,FALSE,TRUE,[MOCK] Новые триггеры,[MOCK] Внедрено,19 072,,1 834 752,FALSE,FALSE,[MOCK] Рефакторинг событий,[MOCK] Done,45,[MOCK] Потеряли события,450 600,TRUE,TRUE,[MOCK] Стабилизация,[MOCK] Стабильно,28 039,,150 000,TRUE,TRUE,[MOCK] Поддержка,[MOCK] Стабильно,5 000,,152 000,TRUE,TRUE,[MOCK] Поддержка,[MOCK] Стабильно,5 000,,148 000,TRUE,TRUE,[MOCK] Поддержка,[MOCK] Стабильно,5 000,,151 000,TRUE,TRUE,[MOCK] Поддержка,[MOCK] Стабильно,5 000,
Client Platform,Pilorama,Интеграции с агрегаторами лояльности,,Eurasia,0,FALSE,TRUE,[MOCK] Анализ API партнеров,[MOCK] Проанализировано,0,,0,FALSE,TRUE,[MOCK] Реализация коннектора,[MOCK] Готово,0,,0,FALSE,FALSE,[MOCK] Тестирование обмена,[MOCK] Успешно,0,[MOCK] Ошибки формата,0,FALSE,TRUE,[MOCK] Запуск интеграции,[MOCK] Запущено,0,,100 000,TRUE,TRUE,[MOCK] Поддержка,[MOCK] Стабильно,2 000,,102 000,TRUE,TRUE,[MOCK] Поддержка,[MOCK] Стабильно,2 000,,50 000,TRUE,FALSE,[MOCK] Поддержка,[MOCK] Стабильно,2 000,[MOCK] Партнер упал,0,TRUE,TRUE,[MOCK] Поддержка,[MOCK] Стабильно,2 000,
Client Platform,Pilorama,Развитие сервиса лояльности,,"Eurasia, IMF, MENA, Drinkit",0,FALSE,TRUE,[MOCK] Новые уровни лояльности,[MOCK] Внедрено,0,,0,FALSE,TRUE,[MOCK] Сгорание бонусов,[MOCK] Внедрено,0,,0,FALSE,TRUE,[MOCK] Реферальная программа,[MOCK] Внедрено,0,,0,FALSE,FALSE,[MOCK] Геймификация,[MOCK] Внедрено,0,[MOCK] Сложности геймдизайна,150 000,TRUE,TRUE,[MOCK] Поддержка,[MOCK] Ок,5 000,,152 000,TRUE,TRUE,[MOCK] Поддержка,[MOCK] Ок,5 000,,148 000,TRUE,TRUE,[MOCK] Поддержка,[MOCK] Ок,5 000,,151 000,TRUE,TRUE,[MOCK] Поддержка,[MOCK] Ок,5 000,
Client Platform,Pilorama,Скоринг клиента,,Eurasia,0,FALSE,TRUE,[MOCK] Разработка модели скоринга,[MOCK] Готово,0,,0,FALSE,TRUE,[MOCK] Интеграция с CRM,[MOCK] Готово,0,,0,FALSE,FALSE,[MOCK] Тестирование предсказаний,[MOCK] Готово,0,[MOCK] Модель переобучилась,0,FALSE,TRUE,[MOCK] Внедрение в процессы,[MOCK] Внедрено,0,,150 000,TRUE,TRUE,[MOCK] Поддержка,[MOCK] Ок,5 000,,250 000,FALSE,TRUE,[MOCK] Дообучение модели,[MOCK] Точность +2%,10 000,,155 000,TRUE,FALSE,[MOCK] Поддержка,[MOCK] Ок,5 000,[MOCK] Инцидент,152 000,TRUE,TRUE,[MOCK] Поддержка,[MOCK] Ок,5 000,
Client Platform,Pilorama,GDPR-аудит по перс данным,,"Eurasia, IMF, MENA, Drinkit",0,FALSE,TRUE,[MOCK] Аудит хранения ПД,[MOCK] Проведен,0,,0,FALSE,TRUE,[MOCK] Составление плана исправлений,[MOCK] Составлен,0,,0,FALSE,TRUE,[MOCK] Реализация права на забвение,[MOCK] Готово,0,,0,TRUE,FALSE,[MOCK] Финальный аудит,[MOCK] Пройден,0,[MOCK] Замечания юристов,50 000,TRUE,TRUE,[MOCK] Регулярная проверка,[MOCK] Пройдено,1 000,,50 000,FALSE,TRUE,[MOCK] Обновление политик,[MOCK] Обновлено,1 000,,0,TRUE,TRUE,[MOCK] Регулярная проверка,[MOCK] Пройдено,1 000,,0,TRUE,TRUE,[MOCK] Регулярная проверка,[MOCK] Пройдено,1 000,
Client Platform,Pilorama,Техдолг,,IT,540 363,FALSE,TRUE,[MOCK] Обновление фреймворков,[MOCK] Обновлено,31 200,,0,FALSE,TRUE,[MOCK] Рефакторинг легаси,[MOCK] Done,0,,0,FALSE,FALSE,[MOCK] Оптимизация запросов,[MOCK] Done,0,[MOCK] База растет,31 200,FALSE,TRUE,[MOCK] Удаление мертвого кода,[MOCK] Done,14 020,,100 000,TRUE,TRUE,[MOCK] Поддержка,[MOCK] Стабильно,2 000,,102 000,TRUE,TRUE,[MOCK] Поддержка,[MOCK] Стабильно,2 000,,98 000,TRUE,TRUE,[MOCK] Поддержка,[MOCK] Стабильно,2 000,,101 000,TRUE,TRUE,[MOCK] Поддержка,[MOCK] Стабильно,2 000,
Client Platform,Pilorama,Влеты,,IT,0,TRUE,TRUE,[MOCK] Исправление инцидентов,[MOCK] Исправлено,0,,0,TRUE,FALSE,[MOCK] Исправление инцидентов,[MOCK] Исправлено,0,[MOCK] Крупный сбой,0,TRUE,TRUE,[MOCK] Исправление инцидентов,[MOCK] Исправлено,0,,44 816,TRUE,TRUE,[MOCK] Исправление инцидентов,[MOCK] Исправлено,14 020,,50 000,TRUE,TRUE,[MOCK] Мониторинг,[MOCK] Ок,0,,50 000,TRUE,TRUE,[MOCK] Мониторинг,[MOCK] Ок,0,,50 000,TRUE,TRUE,[MOCK] Мониторинг,[MOCK] Ок,0,,50 000,TRUE,TRUE,[MOCK] Мониторинг,[MOCK] Ок,0,
Client Platform,Pilorama,"Public API, Marketplace",,"Eurasia, IMF, MENA, Drinkit",0,FALSE,TRUE,[MOCK] Проектирование Public API,[MOCK] Спроектировано,0,,0,FALSE,TRUE,[MOCK] Разработка методов Auth,[MOCK] Готово,0,,0,FALSE,FALSE,[MOCK] Разработка методов Menu,[MOCK] Готово,0,[MOCK] Архитектурная ошибка,0,FALSE,TRUE,[MOCK] Публикация документации,[MOCK] Опубликовано,0,,150 000,TRUE,TRUE,[MOCK] Поддержка разработчиков,[MOCK] Ок,5 000,,250 000,FALSE,TRUE,[MOCK] Новые методы Order,[MOCK] Добавлено,10 000,,155 000,TRUE,FALSE,[MOCK] Поддержка,[MOCK] Ок,5 000,[MOCK] Жалобы партнеров,152 000,TRUE,TRUE,[MOCK] Поддержка,[MOCK] Ок,5 000,
Client Platform,Pilorama,Метапрофиль,,"Eurasia, IMF, MENA, Drinkit",0,FALSE,TRUE,[MOCK] Концепция метапрофиля,[MOCK] Утверждена,0,,0,FALSE,TRUE,[MOCK] Объединение ID,[MOCK] Сделано,0,,0,FALSE,FALSE,[MOCK] Миграция данных,[MOCK] Сделано,0,[MOCK] Медленная миграция,0,FALSE,TRUE,[MOCK] Запуск,[MOCK] Успешно,0,,100 000,TRUE,TRUE,[MOCK] Поддержка,[MOCK] Стабильно,5 000,,102 000,TRUE,TRUE,[MOCK] Поддержка,[MOCK] Стабильно,5 000,,20 000,TRUE,TRUE,[MOCK] Поддержка,[MOCK] Стабильно,5 000,,0,TRUE,TRUE,[MOCK] Поддержка,[MOCK] Стабильно,5 000,
Client Platform,Pilorama,Мультипрофиль,,"Eurasia, IMF, MENA, Drinkit",0,FALSE,TRUE,[MOCK] Анализ требований,[MOCK] Готово,0,,0,FALSE,TRUE,[MOCK] Реализация переключения,[MOCK] Готово,0,,0,FALSE,TRUE,[MOCK] Тестирование UI,[MOCK] Ок,0,,0,FALSE,FALSE,[MOCK] Релиз,[MOCK] Релиз,0,[MOCK] Блокер релиз-инженера,100 000,TRUE,TRUE,[MOCK] Поддержка,[MOCK] Ок,5 000,,102 000,TRUE,TRUE,[MOCK] Поддержка,[MOCK] Ок,5 000,,20 000,TRUE,TRUE,[MOCK] Поддержка,[MOCK] Ок,5 000,,0,TRUE,TRUE,[MOCK] Поддержка,[MOCK] Ок,5 000,
Client Platform,Pilorama,Гостевой профиль,,"Eurasia, IMF, MENA, Drinkit",0,FALSE,TRUE,[MOCK] Логика гостевого заказа,[MOCK] Готово,0,,0,FALSE,TRUE,[MOCK] Сохранение истории гостя,[MOCK] Готово,0,,0,FALSE,FALSE,[MOCK] Конвертация в клиента,[MOCK] Готово,0,[MOCK] Дублирование данных,0,FALSE,TRUE,[MOCK] Запуск,[MOCK] Запуск,0,,100 000,TRUE,TRUE,[MOCK] Поддержка,[MOCK] Ок,5 000,,102 000,TRUE,TRUE,[MOCK] Поддержка,[MOCK] Ок,5 000,,20 000,TRUE,TRUE,[MOCK] Поддержка,[MOCK] Ок,5 000,,0,TRUE,TRUE,[MOCK] Поддержка,[MOCK] Ок,5 000,
Client Platform,Pilorama,Аудит,,IT,0,TRUE,TRUE,[MOCK] Внутренний аудит Q1,[MOCK] Пройден,0,,0,TRUE,TRUE,[MOCK] Внутренний аудит Q2,[MOCK] Пройден,0,,0,TRUE,FALSE,[MOCK] Внутренний аудит Q3,[MOCK] Пройден,0,[MOCK] Найдены нарушения,0,TRUE,TRUE,[MOCK] Внутренний аудит Q4,[MOCK] Пройден,0,,50 000,TRUE,TRUE,[MOCK] Аудит Q1 26,[MOCK] Пройден,1 000,,50 000,TRUE,TRUE,[MOCK] Аудит Q2 26,[MOCK] Пройден,1 000,,0,TRUE,TRUE,[MOCK] Аудит Q3 26,[MOCK] Пройден,1 000,,0,TRUE,TRUE,[MOCK] Аудит Q4 26,[MOCK] Пройден,1 000,
Data Office,Data Platform+Core Data,Databricks и Kusto analytics: поддержка и развитие,Поддержка и развитие databricks...,"Eurasia, IMF, MENA, Drinkit",16 122 315,TRUE,TRUE,"Оптимизация костов, снижение инцидентов и повышение стабильности данных","Оптимизировали косты на 10к$/месяц, снизили количество инцидентов с данным на 30%",2 941 822,,15 425 161,TRUE,TRUE,"затащить данные по меню, поработать над безопасностью","данные по меню дотащили и используются в оценке введения новинок и других процессах, внедрили сканеры безопасности и др.",517 980,,10 792 862,TRUE,FALSE,"МL-модели в Яндексе, переезд на событийную модель заказов","сделали MVP деплоя моделей в Яндексе, перевели на события заказы",684 539,[MOCK] Сложности с Яндексом,6 166 906,FALSE,TRUE,"Переезд на managed таблицы, Core Data Public",[MOCK] Переезд начат,99 228,,2 500 000,FALSE,TRUE,[MOCK] Масштабирование кластера,[MOCK] Завершено,50 000,[MOCK] Закупка железа,2 550 000,FALSE,FALSE,[MOCK] Оптимизация хранилища,[MOCK] -10% объема,50 000,[MOCK] Данные не сжимаются,2 480 000,TRUE,TRUE,[MOCK] Обновление версий,[MOCK] Обновлено,50 000,,2 520 000,TRUE,TRUE,[MOCK] Поддержка,[MOCK] Стабильно,50 000,
Data Office,Data Platform+Core Data,Core Data,Основные актуальные данные...,"Eurasia, IMF, MENA, Drinkit",10 947 173,FALSE,TRUE,[MOCK] Покрытие данными 80%,[MOCK] Покрыто 82%,2 353 458,,10 113 180,FALSE,TRUE,[MOCK] Data Quality чеки,[MOCK] Внедрено,414 384,,10 638 583,FALSE,TRUE,[MOCK] Каталог данных,[MOCK] Запущен,675 800,,4 105 020,TRUE,FALSE,[MOCK] Документация витрин,[MOCK] Написана,79 383,[MOCK] Не успели описать все,1 500 000,TRUE,TRUE,[MOCK] Поддержка,[MOCK] DQ 99%,50 000,,2 000 000,FALSE,TRUE,[MOCK] Новые домены данных,[MOCK] Добавлено 3 домена,100 000,[MOCK] Новые источники,1 550 000,TRUE,FALSE,[MOCK] Поддержка,[MOCK] Ок,50 000,[MOCK] Сбой репликации,1 520 000,TRUE,TRUE,[MOCK] Поддержка,[MOCK] Ок,50 000,
Data Office,Data Platform+Core Data,Clickstream,Проект направленный на то...,"Eurasia, IMF, MENA, Drinkit",1 273 784,FALSE,TRUE,[MOCK] Снижение потери событий,[MOCK] До 3%,588 364,,858 084,FALSE,TRUE,[MOCK] Единый формат событий,[MOCK] Внедрено,103 596,,939 937,FALSE,FALSE,[MOCK] Realtime пайплайн,[MOCK] Запущен,168 950,[MOCK] Лаг в 5 минут,404 877,TRUE,TRUE,[MOCK] Стабилизация,[MOCK] Стабильно,19 846,,200 000,TRUE,TRUE,[MOCK] Поддержка,[MOCK] Потери <1%,10 000,,300 000,FALSE,TRUE,[MOCK] Расширение событий,[MOCK] +10 типов,20 000,,205 000,TRUE,TRUE,[MOCK] Поддержка,[MOCK] Ок,10 000,,202 000,TRUE,FALSE,[MOCK] Поддержка,[MOCK] Ок,10 000,[MOCK] Переполнение буфера
Data Office,AI LAb,Умный трекинг,ML-модель прогноза времени...,"Eurasia, IMF, MENA",10 280 573,FALSE,TRUE,[MOCK] Точность прогноза 90%,[MOCK] 91%,259 581,,4 735 497,FALSE,TRUE,[MOCK] Учет загрузки кухни,[MOCK] Внедрено,774 162,,4 960 852,FALSE,FALSE,[MOCK] Раскатка на новые страны,[MOCK] Раскатано,55 697,[MOCK] Особенности локализации,1 600 683,TRUE,TRUE,[MOCK] Поддержка модели,[MOCK] Ок,10 280,,500 000,FALSE,TRUE,[MOCK] Ретрейн на новых данных,[MOCK] Улучшение метрик,20 000,,510 000,FALSE,TRUE,[MOCK] Оптимизация инференса,[MOCK] -50ms latency,20 000,,490 000,TRUE,TRUE,[MOCK] Поддержка,[MOCK] Стабильно,10 000,,505 000,TRUE,TRUE,[MOCK] Поддержка,[MOCK] Стабильно,10 000,
Data Office,AI LAb,Умный учет,ML-модели прогноза расхода...,Eurasia,7 822 126,FALSE,TRUE,[MOCK] Снижение списаний на 5%,[MOCK] Снижено на 6%,151 265,,4 208 984,FALSE,TRUE,[MOCK] Учет сезонности,[MOCK] Внедрено,856 404,,5 180 842,FALSE,FALSE,[MOCK] Интеграция с автозаказом,[MOCK] Готово,59 215,[MOCK] Ошибки API,1 235 769,TRUE,TRUE,[MOCK] Поддержка,[MOCK] Ок,7 822,,400 000,FALSE,TRUE,[MOCK] Ретрейн модели,[MOCK] Точность +1%,15 000,,600 000,FALSE,TRUE,[MOCK] Новые фичи,[MOCK] Внедрено,25 000,,405 000,TRUE,FALSE,[MOCK] Поддержка,[MOCK] Ок,10 000,[MOCK] Модель деградирует,410 000,TRUE,TRUE,[MOCK] Поддержка,[MOCK] Ок,10 000,
Data Office,AI LAb,Автографики,ML-модель прогноза кол-ва...,Eurasia,829 512,FALSE,TRUE,[MOCK] Повышение точности,[MOCK] +2%,12 995,,1 521 694,FALSE,TRUE,[MOCK] Учет праздников,[MOCK] Внедрено,146 132,,1 218 192,FALSE,TRUE,[MOCK] Учет погоды,[MOCK] Внедрено,131 859,,455 973,TRUE,FALSE,[MOCK] Поддержка,[MOCK] Ок,2 404,[MOCK] Нехватка данных,200 000,FALSE,TRUE,[MOCK] Ретрейн,[MOCK] Точность +0.5%,5 000,,205 000,FALSE,TRUE,[MOCK] Оптимизация,[MOCK] Быстрее на 10%,5 000,,195 000,TRUE,TRUE,[MOCK] Поддержка,[MOCK] Ок,5 000,,202 000,TRUE,TRUE,[MOCK] Поддержка,[MOCK] Ок,5 000,
Data Office,AI LAb,ЦО 3.0,ML-модель для прогнозирования...,Eurasia,0,FALSE,TRUE,[MOCK] Сбор данных цен конкурентов,[MOCK] Собрано,0,,382 300,FALSE,TRUE,[MOCK] Обучение модели эластичности,[MOCK] Обучена,37 816,,558 585,FALSE,FALSE,[MOCK] Симуляция изменения цен,[MOCK] Проведена,214 101,[MOCK] Результаты спорные,14 132,FALSE,TRUE,[MOCK] Пилот динамического ЦО,[MOCK] Успешно,5 921,,500 000,FALSE,TRUE,[MOCK] Раскатка,[MOCK] Раскатано 50%,20 000,[MOCK] Осторожная раскатка,150 000,TRUE,TRUE,[MOCK] Поддержка,[MOCK] Стабильно,10 000,,152 000,TRUE,FALSE,[MOCK] Поддержка,[MOCK] Стабильно,10 000,[MOCK] Недовольство франчайзи,148 000,TRUE,TRUE,[MOCK] Поддержка,[MOCK] Стабильно,10 000,
Data Office,AI LAb,Автоматическая оценка дефектов,ML-модели для обнаружения...,Eurasia,4 153 565,FALSE,TRUE,[MOCK] Детекция горелой пиццы,[MOCK] Точность 95%,32 486,,4 252 861,FALSE,TRUE,[MOCK] Детекция неровных бортов,[MOCK] Точность 90%,292 264,,4 635 313,FALSE,FALSE,[MOCK] Детекция ингредиентов,[MOCK] Точность 85%,263 719,[MOCK] Проблемы с освещением,1 501 781,FALSE,TRUE,[MOCK] Интеграция с планшетом КК,[MOCK] Готово,4 807,,400 000,FALSE,TRUE,[MOCK] Новые классы дефектов,[MOCK] Добавлено 5 классов,20 000,,410 000,FALSE,TRUE,[MOCK] Ускорение работы,[MOCK] Realtime,20 000,,405 000,TRUE,TRUE,[MOCK] Поддержка,[MOCK] Ок,10 000,,395 000,TRUE,TRUE,[MOCK] Поддержка,[MOCK] Ок,10 000,
Data Office,Forks on fire,Развитие суперсета,Развитие суперсета. Например...,"Eurasia, IMF, MENA, Drinkit",457 377,FALSE,TRUE,[MOCK] Обновление версии Superset,[MOCK] Обновлено,185 140,,340 290,FALSE,TRUE,[MOCK] Новые типы чартов,[MOCK] Добавлены,68 053,,336 321,FALSE,TRUE,[MOCK] Оптимизация кэширования,[MOCK] Сделано,64 084,,217 789,FALSE,FALSE,[MOCK] Улучшение UI фильтров,[MOCK] Сделано,8 569,[MOCK] Баги в UI,200 000,TRUE,TRUE,[MOCK] Поддержка,[MOCK] Ок,10 000,,205 000,FALSE,TRUE,[MOCK] Обновление версии,[MOCK] Обновлено,10 000,,198 000,TRUE,TRUE,[MOCK] Поддержка,[MOCK] Ок,10 000,,202 000,TRUE,TRUE,[MOCK] Поддержка,[MOCK] Ок,10 000,
Data Office,Forks on fire,Change платформа,Оффлайн АБ-платформа...,Drinkit,0,FALSE,TRUE,[MOCK] MVP платформы,[MOCK] Готово,0,,0,FALSE,TRUE,[MOCK] Интеграция с кассой,[MOCK] Готово,0,,56 589,FALSE,FALSE,[MOCK] Отчетность по тестам,[MOCK] Готово,0,[MOCK] Данные расходятся,54 447,FALSE,TRUE,[MOCK] Запуск первых тестов,[MOCK] Запущено,2 142,,150 000,TRUE,TRUE,[MOCK] Поддержка,[MOCK] Ок,5 000,,152 000,FALSE,TRUE,[MOCK] Развитие функционала,[MOCK] Новые метрики,10 000,,50 000,TRUE,FALSE,[MOCK] Поддержка,[MOCK] Ок,5 000,[MOCK] Ошибка расчета,0,TRUE,TRUE,[MOCK] Поддержка,[MOCK] Ок,5 000,
Data Office,Ad-hoc Analytics,Дата салфетка,,IT,0,TRUE,TRUE,[MOCK] Ad-hoc запросы,[MOCK] Выполнено 50,0,,127 607,TRUE,TRUE,[MOCK] Ad-hoc запросы,[MOCK] Выполнено 60,7 824,,53 765,TRUE,FALSE,[MOCK] Ad-hoc запросы,[MOCK] Выполнено 45,0,[MOCK] Завал запросов,0,TRUE,TRUE,[MOCK] Ad-hoc запросы,[MOCK] Выполнено 40,0,,100 000,TRUE,TRUE,[MOCK] Ad-hoc запросы,[MOCK] Выполнено 40,2 000,,102 000,TRUE,TRUE,[MOCK] Ad-hoc запросы,[MOCK] Выполнено 40,2 000,,20 000,TRUE,TRUE,[MOCK] Ad-hoc запросы,[MOCK] Выполнено 40,2 000,,0,TRUE,TRUE,[MOCK] Ad-hoc запросы,[MOCK] Выполнено 40,2 000,
Data Office,Ad-hoc Analytics,Проект Меню 3.0,это аналитический инструмент...,Eurasia,0,FALSE,TRUE,[MOCK] Сбор метрик эффективности,[MOCK] Собрано,0,,0,FALSE,TRUE,[MOCK] Матрица BCG,[MOCK] Построена,0,,0,FALSE,FALSE,[MOCK] Дашборд ассортимента,[MOCK] Готов,0,[MOCK] Нет доступа к данным,0,FALSE,TRUE,[MOCK] Внедрение в процессы,[MOCK] Внедрено,0,,150 000,TRUE,TRUE,[MOCK] Поддержка,[MOCK] Используется,5 000,,152 000,TRUE,TRUE,[MOCK] Анализ результатов,[MOCK] Отчет,5 000,,0,TRUE,TRUE,[MOCK] Поддержка,[MOCK] Ок,5 000,,0,TRUE,TRUE,[MOCK] Поддержка,[MOCK] Ок,5 000,
Data Office,Ad-hoc Analytics,Аналитическая поддержка,Анализ падения метрики LFL...,Eurasia,4 986 643,TRUE,TRUE,[MOCK] Ежемесячные отчеты LFL,[MOCK] Подготовлены,31 994,,5 800 128,TRUE,TRUE,[MOCK] Анализ промо-акций,[MOCK] Проведен,409 492,,6 252 751,TRUE,TRUE,[MOCK] Подготовка материалов СД,[MOCK] Готово,0,,2 251 125,TRUE,FALSE,[MOCK] Прогноз на 2026,[MOCK] Сделан,54 765,[MOCK] Ошибка прогноза,2 000 000,TRUE,TRUE,[MOCK] Аналитика Q1,[MOCK] Отчеты сданы,50 000,,2 050 000,TRUE,TRUE,[MOCK] Аналитика Q2,[MOCK] Отчеты сданы,50 000,,1 950 000,TRUE,TRUE,[MOCK] Аналитика Q3,[MOCK] Отчеты сданы,50 000,,1 980 000,TRUE,TRUE,[MOCK] Аналитика Q4,[MOCK] Отчеты сданы,50 000,
Data Office,Personalisation,Динамическое комбо,динамическое изменение скидки...,Eurasia,0,FALSE,TRUE,[MOCK] Разработка логики скидок,[MOCK] Готово,0,,2 967 915,FALSE,TRUE,[MOCK] Интеграция с корзиной,[MOCK] Готово,81 194,,114 159,FALSE,FALSE,[MOCK] Тест на группе юзеров,[MOCK] Успешно,0,[MOCK] Низкая конверсия,748 384,FALSE,TRUE,[MOCK] Полномасштабный запуск,[MOCK] Запущено,4 447,,200 000,TRUE,TRUE,[MOCK] Поддержка,[MOCK] Ок,10 000,,205 000,FALSE,TRUE,[MOCK] Оптимизация скидок,[MOCK] Маржа +1%,10 000,,195 000,TRUE,FALSE,[MOCK] Поддержка,[MOCK] Ок,10 000,[MOCK] Баг в расчетах,202 000,TRUE,TRUE,[MOCK] Поддержка,[MOCK] Ок,10 000,
Data Office,Personalisation,Динамический промис,модель прогнозирования времени...,Eurasia,0,FALSE,TRUE,[MOCK] Улучшение прогноза пробок,[MOCK] Внедрено,0,,0,FALSE,TRUE,[MOCK] Учет нагрузки на кухню,[MOCK] Внедрено,0,,462 820,FALSE,FALSE,[MOCK] АБ тест обещаний,[MOCK] Проведен,-372 524,[MOCK] Ухудшение метрик,889 069,FALSE,TRUE,[MOCK] Раскатка улучшений,[MOCK] Раскатано,0,,250 000,TRUE,TRUE,[MOCK] Поддержка,[MOCK] Стабильно,5 000,,255 000,FALSE,TRUE,[MOCK] Ретрейн,[MOCK] Точность +2%,10 000,,248 000,TRUE,TRUE,[MOCK] Поддержка,[MOCK] Стабильно,5 000,,252 000,TRUE,TRUE,[MOCK] Поддержка,[MOCK] Стабильно,5 000,
Data Office,Personalisation,Динамическая стоимость доставки,модель прогнозирования миниальной...,Eurasia,3 211 158,FALSE,TRUE,[MOCK] Модель спроса на курьеров,[MOCK] Готово,6 497,,3 111 186,FALSE,TRUE,[MOCK] Динамическая цена в приложении,[MOCK] Готово,58 453,,3 293 516,FALSE,FALSE,[MOCK] Пилот в Москве,[MOCK] Запущен,296 683,[MOCK] Негатив курьеров,439 295,FALSE,TRUE,[MOCK] Масштабирование,[MOCK] Идет по плану,3 485,,400 000,FALSE,TRUE,[MOCK] Завершение раскатки,[MOCK] Вся сеть,20 000,,410 000,TRUE,TRUE,[MOCK] Поддержка,[MOCK] Ок,10 000,,405 000,FALSE,FALSE,[MOCK] Тюнинг модели,[MOCK] Прибыль +2%,15 000,[MOCK] Риск оттока,398 000,TRUE,TRUE,[MOCK] Поддержка,[MOCK] Ок,10 000,
Data Office,Personalisation,Персональное меню,персональное ранжирование...,Eurasia,3 114 275,FALSE,TRUE,[MOCK] Ранжирование категорий,[MOCK] Готово,35 735,,2 993 510,FALSE,TRUE,[MOCK] Ранжирование продуктов,[MOCK] Готово,350 717,,2 405 714,FALSE,FALSE,[MOCK] Персонализация новинок,[MOCK] Готово,296 683,[MOCK] Нет данных о новинках,939 616,FALSE,TRUE,[MOCK] АБ тест выдачи,[MOCK] +3% конверсия,4 928,,400 000,TRUE,TRUE,[MOCK] Поддержка,[MOCK] Ок,10 000,,410 000,FALSE,TRUE,[MOCK] Улучшение алгоритма,[MOCK] CTR +1%,15 000,,405 000,TRUE,FALSE,[MOCK] Поддержка,[MOCK] Ок,10 000,[MOCK] Медленная выдача,398 000,TRUE,TRUE,[MOCK] Поддержка,[MOCK] Ок,10 000,
Data Office,Personalisation,Рекомендации в корзине,модель подбора персональных...,"Eurasia, IMF, MENA",1 989 584,FALSE,TRUE,[MOCK] Алгоритм кросс-сейла,[MOCK] Готов,38 984,,2 356 884,FALSE,TRUE,[MOCK] Дизайн блока рекомендаций,[MOCK] Готов,350 717,,3 768 798,FALSE,FALSE,[MOCK] Запуск в приложении,[MOCK] Запущен,296 683,[MOCK] Баги верстки,73 385,FALSE,TRUE,[MOCK] Анализ эффективности,[MOCK] +5% к чеку,1 562,,300 000,TRUE,TRUE,[MOCK] Поддержка,[MOCK] Ок,10 000,,310 000,FALSE,TRUE,[MOCK] Новые правила реков,[MOCK] Внедрено,15 000,,305 000,TRUE,TRUE,[MOCK] Поддержка,[MOCK] Ок,10 000,,295 000,TRUE,TRUE,[MOCK] Поддержка,[MOCK] Ок,10 000,
Data Office,Personalisation,Персональные цены,персональные скидки на персональные...,Eurasia,239 849,FALSE,TRUE,[MOCK] Логика расчета скидки,[MOCK] Готово,9 746,,2 377 228,FALSE,TRUE,[MOCK] Интеграция с процессингом,[MOCK] Готово,209 718,,2 993 349,FALSE,FALSE,[MOCK] Тест на чувствительность к цене,[MOCK] Проведен,889 369,[MOCK] Нет эффекта,715 292,FALSE,TRUE,[MOCK] Пилотный запуск,[MOCK] Ок,59 815,,400 000,FALSE,TRUE,[MOCK] Раскатка,[MOCK] Раскатано,20 000,,200 000,TRUE,TRUE,[MOCK] Поддержка,[MOCK] Ок,10 000,,205 000,TRUE,FALSE,[MOCK] Поддержка,[MOCK] Ок,10 000,[MOCK] Ошибка скидки,198 000,TRUE,TRUE,[MOCK] Поддержка,[MOCK] Ок,10 000,
Data Office,Personalisation,Поиск,поиск в меню (рекомендации продуктов),Eurasia,0,FALSE,TRUE,[MOCK] Настройка синонимов,[MOCK] Настроено,0,,1 041 372,FALSE,TRUE,[MOCK] Исправление опечаток,[MOCK] Внедрено,-551 082,,83 095,FALSE,FALSE,[MOCK] Поиск по ингредиентам,[MOCK] Внедрено,0,[MOCK] Неточный поиск,82 014,TRUE,TRUE,[MOCK] Поддержка,[MOCK] Ок,0,,100 000,TRUE,TRUE,[MOCK] Поддержка,[MOCK] Ок,5 000,,102 000,TRUE,TRUE,[MOCK] Поддержка,[MOCK] Ок,5 000,,0,TRUE,TRUE,[MOCK] Поддержка,[MOCK] Ок,5 000,,0,TRUE,TRUE,[MOCK] Поддержка,[MOCK] Ок,5 000,
Data Office,Personalisation,Персональное промо,выдача персональных промо клиентам...,"Eurasia, IMF",2 963 940,FALSE,TRUE,[MOCK] Сегментация базы,[MOCK] Сделано,38 984,,3 613 170,FALSE,TRUE,[MOCK] Конструктор офферов,[MOCK] Готов,350 717,,3 020 024,FALSE,FALSE,[MOCK] Автоматическая выдача,[MOCK] Работает,296 683,[MOCK] Спам фильтры,1 065 384,FALSE,TRUE,[MOCK] Контроль бюджета,[MOCK] Внедрено,5 408,,400 000,TRUE,TRUE,[MOCK] Поддержка,[MOCK] Ок,10 000,,410 000,FALSE,TRUE,[MOCK] Оптимизация,[MOCK] Бюджет -5%,10 000,,405 000,TRUE,FALSE,[MOCK] Поддержка,[MOCK] Ок,10 000,[MOCK] Перерасход,398 000,TRUE,TRUE,[MOCK] Поддержка,[MOCK] Ок,10 000,
Data Office,BI,Поддержка существующих дашбордов,Поддержка существующих дашбордов...,"Eurasia, IMF, MENA",1 004 615,TRUE,FALSE,[MOCK] SLA по багам 24ч,[MOCK] Соблюдается,252 196,[MOCK] Нарушение SLA,750 277,TRUE,TRUE,[MOCK] Обновление справочников,[MOCK] Done,-69 777,,896 647,TRUE,TRUE,[MOCK] Рефакторинг дашбордов,[MOCK] Done,265 173,,670 859,TRUE,TRUE,[MOCK] Обучение пользователей,[MOCK] Проведено,9 600,,600 000,TRUE,TRUE,[MOCK] Поддержка,[MOCK] SLA 24ч,20 000,,610 000,TRUE,FALSE,[MOCK] Поддержка,[MOCK] SLA 24ч,20 000,[MOCK] Tableau упал,590 000,TRUE,TRUE,[MOCK] Поддержка,[MOCK] SLA 24ч,20 000,,605 000,TRUE,TRUE,[MOCK] Поддержка,[MOCK] SLA 24ч,20 000,
Data Office,BI,Новый аналитические инструменты,Создание новых аналитических...,"Eurasia, IMF, MENA",3 514 069,FALSE,TRUE,[MOCK] Инструмент Self-Service,[MOCK] MVP,504 391,,3 140 663,FALSE,TRUE,[MOCK] Внедрение Data Catalog,[MOCK] Готово,-139 553,,4 712 732,FALSE,FALSE,[MOCK] Автоматическая рассылка,[MOCK] Готово,636 414,[MOCK] Не уходят письма,2 683 438,FALSE,TRUE,[MOCK] Расширение функционала,[MOCK] Done,19 200,,500 000,TRUE,TRUE,[MOCK] Поддержка,[MOCK] Ок,15 000,,510 000,FALSE,TRUE,[MOCK] Новые коннекторы,[MOCK] Добавлено,15 000,,490 000,TRUE,FALSE,[MOCK] Поддержка,[MOCK] Ок,15 000,[MOCK] Коннектор отвалился,505 000,TRUE,TRUE,[MOCK] Поддержка,[MOCK] Ок,15 000,
Data Office,BI,Кросс-функциональные проекты,Кросс-функциональные проекты...,"Eurasia, IMF, MENA",167 667,FALSE,TRUE,[MOCK] Единый глоссарий метрик,[MOCK] Создан,84 065,,67 858,FALSE,TRUE,[MOCK] Сертификация дашбордов,[MOCK] Начата,-23 259,,219 300,FALSE,FALSE,[MOCK] Обучение аналитиков,[MOCK] Проведено,106 069,[MOCK] Низкая посещаемость,74 540,TRUE,TRUE,[MOCK] Аудит использования,[MOCK] Проведен,3 200,,100 000,TRUE,TRUE,[MOCK] Поддержка процессов,[MOCK] Ок,5 000,,102 000,TRUE,TRUE,[MOCK] Регулярная сертификация,[MOCK] Проведена,5 000,,98 000,TRUE,TRUE,[MOCK] Поддержка,[MOCK] Ок,5 000,,101 000,TRUE,TRUE,[MOCK] Поддержка,[MOCK] Ок,5 000,
Data Office,Pricing,Регулярное ценообразование,Поддержка текущей системы...,Eurasia,4 655 140,TRUE,TRUE,[MOCK] Обновление цен раз в неделю,[MOCK] Ок,12 798,,5 188 608,TRUE,FALSE,[MOCK] Мониторинг ошибок цен,[MOCK] Ок,233 995,[MOCK] Ошибки цен,4 883 135,TRUE,TRUE,[MOCK] Согласование промо-цен,[MOCK] Ок,0,,2 072 749,TRUE,TRUE,[MOCK] Поддержка стратегии,[MOCK] Ок,35 206,,1 500 000,TRUE,TRUE,[MOCK] Поддержка,[MOCK] Стабильно,50 000,,1 550 000,TRUE,FALSE,[MOCK] Поддержка,[MOCK] Стабильно,50 000,[MOCK] Инцидент в ERP,1 480 000,TRUE,TRUE,[MOCK] Поддержка,[MOCK] Стабильно,50 000,,1 520 000,TRUE,TRUE,[MOCK] Поддержка,[MOCK] Стабильно,50 000,
Data Office,Pricing,Ценообразование 3.0,переход на более гранулярное...,Eurasia,474 287,FALSE,TRUE,[MOCK] Анализ текущих зон,[MOCK] Сделано,3 199,,549 104,FALSE,TRUE,[MOCK] Алгоритм кластеризации,[MOCK] Готов,58 499,,486 138,FALSE,FALSE,[MOCK] Пилот новых цен,[MOCK] Запущен,0,[MOCK] Падение маржи,1 082 059,FALSE,TRUE,[MOCK] Масштабирование,[MOCK] Идет,23 471,,500 000,FALSE,TRUE,[MOCK] Завершение перехода,[MOCK] Завершено,20 000,,200 000,TRUE,TRUE,[MOCK] Поддержка,[MOCK] Ок,5 000,,205 000,FALSE,TRUE,[MOCK] Тюнинг,[MOCK] Маржа +0.5%,5 000,,198 000,TRUE,FALSE,[MOCK] Поддержка,[MOCK] Ок,5 000,[MOCK] Ошибка кластеризации
FAP,CustomerSupport,Команда CustomerSupport,,IT,12 712 998,TRUE,TRUE,[MOCK] SLA ответов 15 мин,[MOCK] 12 мин,0,,14 740 334,TRUE,FALSE,[MOCK] CSI > 4.5,[MOCK] 4.6,0,[MOCK] Упал CSI,13 439 144,TRUE,TRUE,[MOCK] Автоматизация 20% тикетов,[MOCK] 22%,0,,5 287 549,TRUE,TRUE,[MOCK] Поддержка пиков,[MOCK] Ок,0,,5 000 000,TRUE,TRUE,[MOCK] Поддержка,[MOCK] SLA Ок,0,,5 100 000,TRUE,FALSE,[MOCK] Поддержка,[MOCK] SLA Ок,0,[MOCK] Перегруз линии,4 950 000,TRUE,TRUE,[MOCK] Поддержка,[MOCK] SLA Ок,0,,5 050 000,TRUE,TRUE,[MOCK] Поддержка,[MOCK] SLA Ок,0,
FAP,SOM (IMF),Комнада SOM,,IMF,20 615 912,TRUE,TRUE,[MOCK] Поддержка запуска стран,[MOCK] Ок,2 527 503,,28 010 948,TRUE,TRUE,[MOCK] Обучение партнеров,[MOCK] Проведено,5 147 854,,33 136 702,TRUE,FALSE,[MOCK] Контроль стандартов,[MOCK] Ок,4 657 520,[MOCK] Много нарушений,9 695 848,TRUE,TRUE,[MOCK] Развитие комьюнити,[MOCK] Ок,2 101 466,,10 000 000,TRUE,TRUE,[MOCK] Поддержка,[MOCK] Стабильно,1 000 000,,10 200 000,TRUE,TRUE,[MOCK] Поддержка,[MOCK] Стабильно,1 000 000,,9 800 000,TRUE,FALSE,[MOCK] Поддержка,[MOCK] Стабильно,1 000 000,[MOCK] Проблемы в регионе,10 100 000,TRUE,TRUE,[MOCK] Поддержка,[MOCK] Стабильно,1 000 000,
FAP,База Знаний,База знаний - Гибкость и обновление всех подходов/продуктов (базовый функционал),"Запускаются акции, продукты...","Eurasia, IMF, MENA, Drinkit",563 600,TRUE,TRUE,[MOCK] Актуализация статей,[MOCK] 100%,529,,505 882,TRUE,FALSE,[MOCK] Перевод на англ.,[MOCK] 90%,28 362,[MOCK] Нет переводчиков,503 418,TRUE,TRUE,[MOCK] Обучение редакторов,[MOCK] Проведено,1 549,,183 475,TRUE,TRUE,[MOCK] Поддержка платформы,[MOCK] Ок,271,,200 000,TRUE,TRUE,[MOCK] Поддержка,[MOCK] Ок,1 000,,205 000,TRUE,TRUE,[MOCK] Поддержка,[MOCK] Ок,1 000,,195 000,TRUE,FALSE,[MOCK] Поддержка,[MOCK] Ок,1 000,[MOCK] Сбой доступа,202 000,TRUE,TRUE,[MOCK] Поддержка,[MOCK] Ок,1 000,
FAP,База Знаний,База знаний - Новая база знаний,Отказ от поддержки старой...,"Eurasia, IMF, MENA, Drinkit",2 111 620,FALSE,TRUE,[MOCK] Дизайн новой БЗ,[MOCK] Утвержден,1 058,,2 051 846,FALSE,TRUE,[MOCK] Разработка фронтенда,[MOCK] Готово,70 905,,2 010 575,FALSE,FALSE,[MOCK] Миграция контента,[MOCK] Завершено,3 098,[MOCK] Потеряли картинки,733 900,FALSE,TRUE,[MOCK] Запуск новой БЗ,[MOCK] Успешно,541,,200 000,TRUE,TRUE,[MOCK] Поддержка,[MOCK] Ок,2 000,,205 000,FALSE,TRUE,[MOCK] Новые фичи,[MOCK] Внедрено,5 000,,195 000,TRUE,FALSE,[MOCK] Поддержка,[MOCK] Ок,2 000,[MOCK] Медленная загрузка,202 000,TRUE,TRUE,[MOCK] Поддержка,[MOCK] Ок,2 000,
FAP,База Знаний,База Знаний - Расширение возможностей для партнеров,Партнеру не надо покупать...,"Eurasia, Drinkit",563 600,FALSE,TRUE,[MOCK] Анализ потребностей,[MOCK] Готово,529,,590 924,FALSE,TRUE,[MOCK] Личный кабинет партнера,[MOCK] MVP,42 543,,575 053,FALSE,FALSE,[MOCK] Загрузка своих файлов,[MOCK] Готово,2 324,[MOCK] Вирусы в файлах,254 335,FALSE,TRUE,[MOCK] Релиз для партнеров,[MOCK] Успешно,406,,100 000,TRUE,TRUE,[MOCK] Поддержка,[MOCK] Ок,1 000,,105 000,FALSE,TRUE,[MOCK] Развитие функционала,[MOCK] Доп. сервисы,2 000,,98 000,TRUE,FALSE,[MOCK] Поддержка,[MOCK] Ок,1 000,[MOCK] Ошибка доступа,101 000,TRUE,TRUE,[MOCK] Поддержка,[MOCK] Ок,1 000,
FAP,Marketplace,Partner API,,"Eurasia, IMF, MENA, Drinkit",809 979,TRUE,TRUE,[MOCK] Стабильность API 99.9%,[MOCK] 99.9%,226 112,,382 959,TRUE,FALSE,[MOCK] Обновление документации,[MOCK] Done,205 133,[MOCK] Устаревшие данные,337 491,TRUE,TRUE,[MOCK] Новые методы v2,[MOCK] Done,174 201,,62 276,TRUE,TRUE,[MOCK] Поддержка интеграторов,[MOCK] Ок,135 947,,150 000,TRUE,TRUE,[MOCK] Поддержка,[MOCK] 99.9%,10 000,,152 000,TRUE,FALSE,[MOCK] Поддержка,[MOCK] 99.9%,10 000,[MOCK] 500 ошибки,148 000,TRUE,TRUE,[MOCK] Поддержка,[MOCK] 99.9%,10 000,,151 000,TRUE,TRUE,[MOCK] Поддержка,[MOCK] 99.9%,10 000,
FAP,Marketplace,Магазин приложений,,"Eurasia, IMF",6 242 868,FALSE,TRUE,[MOCK] Редизайн каталога,[MOCK] Готово,847 921,,2 290 982,FALSE,TRUE,[MOCK] Система биллинга,[MOCK] Внедрено,656 427,,550 676,FALSE,FALSE,[MOCK] Модерация приложений,[MOCK] Запущено,278 722,[MOCK] Очередь на модерацию,39 864,TRUE,TRUE,[MOCK] Рост числа установок,[MOCK] +10%,81 568,,150 000,TRUE,TRUE,[MOCK] Поддержка,[MOCK] Ок,10 000,,250 000,FALSE,TRUE,[MOCK] Новые категории,[MOCK] Добавлено,20 000,,155 000,TRUE,FALSE,[MOCK] Поддержка,[MOCK] Ок,10 000,[MOCK] Сбой установок,152 000,TRUE,TRUE,[MOCK] Поддержка,[MOCK] Ок,10 000,
FAP,Marketplace,Магазин услуг,,Eurasia,0,FALSE,TRUE,[MOCK] MVP магазина услуг,[MOCK] Запущено,0,,1 204 481,FALSE,TRUE,[MOCK] Интеграция с провайдерами,[MOCK] Готово,418 083,,652 382,FALSE,FALSE,[MOCK] Расширение каталога,[MOCK] +5 услуг,353 462,[MOCK] Нет поставщиков,169 584,TRUE,TRUE,[MOCK] Поддержка,[MOCK] Ок,359 516,,100 000,TRUE,TRUE,[MOCK] Поддержка,[MOCK] Ок,5 000,,102 000,TRUE,TRUE,[MOCK] Поддержка,[MOCK] Ок,5 000,,98 000,TRUE,FALSE,[MOCK] Поддержка,[MOCK] Ок,5 000,[MOCK] Жалобы на услуги,101 000,TRUE,TRUE,[MOCK] Поддержка,[MOCK] Ок,5 000,
FAP,Marketplace,Магазин товаров,,IT,147 561,FALSE,TRUE,[MOCK] Разработка витрины,[MOCK] Готово,56 528,,5 625 000,FALSE,TRUE,[MOCK] Корзина и чекаут,[MOCK] Готово,1 107 720,,2 396 520,FALSE,FALSE,[MOCK] Интеграция со складом,[MOCK] Готово,627 124,[MOCK] Расхождения остатков,2 690 274,FALSE,TRUE,[MOCK] Запуск продаж,[MOCK] Успешно,1 060 387,,300 000,TRUE,TRUE,[MOCK] Поддержка,[MOCK] Ок,10 000,,305 000,FALSE,TRUE,[MOCK] Расширение ассортимента,[MOCK] +100 SKU,10 000,,295 000,TRUE,FALSE,[MOCK] Поддержка,[MOCK] Ок,10 000,[MOCK] Проблемы с доставкой,302 000,TRUE,TRUE,[MOCK] Поддержка,[MOCK] Ок,10 000,
FAP,Marketplace,Офисные ТВ борды,,Eurasia,0,FALSE,TRUE,[MOCK] Закупка оборудования,[MOCK] Done,0,,1 204 481,FALSE,TRUE,[MOCK] Разработка софта,[MOCK] Done,418 083,,0,FALSE,FALSE,[MOCK] Монтаж в офисе,[MOCK] Done,0,[MOCK] Подрядчик подвел,0,TRUE,TRUE,[MOCK] Поддержка,[MOCK] Ок,0,,50 000,TRUE,TRUE,[MOCK] Поддержка,[MOCK] Ок,1 000,,52 000,FALSE,TRUE,[MOCK] Обновление контента,[MOCK] Обновлено,1 000,,0,TRUE,FALSE,[MOCK] Поддержка,[MOCK] Ок,1 000,[MOCK] Экран погас,0,TRUE,TRUE,[MOCK] Поддержка,[MOCK] Ок,1 000,
FAP,Marketplace,Face ID,,"Eurasia, IMF",861 001,FALSE,TRUE,[MOCK] Выбор вендора,[MOCK] Выбран,254 376,,1 340 118,FALSE,TRUE,[MOCK] Интеграция SDK,[MOCK] Готово,492 320,,618 826,FALSE,FALSE,[MOCK] Тест на сотрудниках,[MOCK] Успешно,313 562,[MOCK] Плохое распознавание,78 052,FALSE,TRUE,[MOCK] Пилот в кассах,[MOCK] Запущен,190 326,,300 000,FALSE,TRUE,[MOCK] Раскатка,[MOCK] Раскатано,20 000,,200 000,TRUE,TRUE,[MOCK] Поддержка,[MOCK] Ок,10 000,,205 000,TRUE,FALSE,[MOCK] Поддержка,[MOCK] Ок,10 000,[MOCK] Ошибки SDK,198 000,TRUE,TRUE,[MOCK] Поддержка,[MOCK] Ок,10 000,
FAP,Partner Support,Partner Support Команда,,IT,7 022 990,TRUE,TRUE,[MOCK] Поддержка партнеров 24/7,[MOCK] Ок,1 171 011,,7 609 991,TRUE,FALSE,[MOCK] Ускорение онбординга,[MOCK] -2 дня,1 230 235,[MOCK] Бюрократия,7 843 342,TRUE,TRUE,[MOCK] Снижение оттока,[MOCK] -1%,1 239 300,,1 991 647,TRUE,TRUE,[MOCK] Рост CSI,[MOCK] +0.1,1 128 820,,2 000 000,TRUE,TRUE,[MOCK] Поддержка,[MOCK] CSI 4.8,100 000,,2 050 000,TRUE,TRUE,[MOCK] Поддержка,[MOCK] CSI 4.8,100 000,,1 950 000,TRUE,FALSE,[MOCK] Поддержка,[MOCK] CSI 4.8,100 000,[MOCK] Негатив,1 980 000,TRUE,TRUE,[MOCK] Поддержка,[MOCK] CSI 4.8,100 000,
Tech Platform,RTFM,Auth на .NET8,Глобальный рефакторинг...,IT,23 032 986,FALSE,TRUE,[MOCK] Подготовка инфраструктуры,[MOCK] Готово,156 890,,13 024 806,FALSE,TRUE,[MOCK] Миграция кода,[MOCK] 50%,0,,0,FALSE,FALSE,[MOCK] Миграция кода,[MOCK] 100%,0,[MOCK] Не успеваем,3 498 442,FALSE,TRUE,[MOCK] Тестирование и запуск,[MOCK] Успешно,0,,100 000,TRUE,TRUE,[MOCK] Стабилизация,[MOCK] Стабильно,5 000,,102 000,TRUE,TRUE,[MOCK] Поддержка,[MOCK] Ок,5 000,,98 000,TRUE,FALSE,[MOCK] Поддержка,[MOCK] Ок,5 000,[MOCK] Memory leak,101 000,TRUE,TRUE,[MOCK] Поддержка,[MOCK] Ок,5 000,
Tech Platform,RTFM,2FA для пользователей с крит ролями,включение обязательной 2FA...,"Eurasia, IMF, MENA, Drinkit, IT",0,FALSE,TRUE,[MOCK] Разработка политики,[MOCK] Готово,39 222,,843 467,FALSE,TRUE,[MOCK] Внедрение 2FA,[MOCK] Внедрено,1 627,,116 122,FALSE,FALSE,[MOCK] Принудительное включение,[MOCK] Done,0,[MOCK] Блокировка пользователей,0,TRUE,TRUE,[MOCK] Поддержка,[MOCK] Done,0,,50 000,TRUE,TRUE,[MOCK] Поддержка,[MOCK] Ок,1 000,,52 000,TRUE,TRUE,[MOCK] Поддержка,[MOCK] Ок,1 000,,0,TRUE,FALSE,[MOCK] Поддержка,[MOCK] Ок,1 000,[MOCK] Смс не приходят,0,TRUE,TRUE,[MOCK] Поддержка,[MOCK] Ок,1 000,
Tech Platform,RTFM,Популяриция Passkey,Поднятие уровня использования...,"Eurasia, IMF, MENA, Drinkit, IT",0,FALSE,TRUE,[MOCK] Исследование UX,[MOCK] Готово,8 137,,2 870 497,FALSE,TRUE,[MOCK] Реализация входа,[MOCK] Готово,4 642,,35 936,FALSE,FALSE,[MOCK] Маркетинг фичи,[MOCK] Запущен,0,[MOCK] Низкое принятие,2 850 000,TRUE,TRUE,[MOCK] Поддержка,[MOCK] Ок,0,,100 000,TRUE,TRUE,[MOCK] Поддержка,[MOCK] Ок,5 000,,102 000,TRUE,TRUE,[MOCK] Поддержка,[MOCK] Ок,5 000,,50 000,TRUE,FALSE,[MOCK] Поддержка,[MOCK] Ок,5 000,[MOCK] Баг Android,0,TRUE,TRUE,[MOCK] Поддержка,[MOCK] Ок,5 000,
Tech Platform,RTFM,Декомпозиция роли Root Administrator,Выделение отдельных действий...,IT,0,FALSE,TRUE,[MOCK] Аудит прав Root,[MOCK] Проведен,6 509,,1 838 420,FALSE,TRUE,[MOCK] Создание новых ролей,[MOCK] Созданы,27 855,,1 154 437,FALSE,FALSE,[MOCK] Миграция пользователей,[MOCK] Done,0,[MOCK] Права слетели,0,FALSE,TRUE,[MOCK] Удаление Root,[MOCK] Done,0,,50 000,TRUE,TRUE,[MOCK] Поддержка,[MOCK] Ок,1 000,,52 000,FALSE,TRUE,[MOCK] Аудит ролей,[MOCK] Проведен,1 000,,0,TRUE,FALSE,[MOCK] Поддержка,[MOCK] Ок,1 000,[MOCK] Запрос прав,0,TRUE,TRUE,[MOCK] Поддержка,[MOCK] Ок,1 000,
Tech Platform,RTFM,Техническая поддержка примитивов и библиотеки WebauthN,"Обновление сервиса, библиотек...",IT,0,TRUE,TRUE,[MOCK] Обновление либ,[MOCK] Обновлено,9 285,,0,TRUE,FALSE,[MOCK] Фикс багов,[MOCK] Done,0,[MOCK] Регресс,134 461,TRUE,TRUE,[MOCK] Поддержка стандарта,[MOCK] Ок,0,,125 176,TRUE,TRUE,[MOCK] Поддержка,[MOCK] Ок,0,,50 000,TRUE,TRUE,[MOCK] Поддержка,[MOCK] Ок,1 000,,52 000,TRUE,TRUE,[MOCK] Поддержка,[MOCK] Ок,1 000,,48 000,TRUE,FALSE,[MOCK] Поддержка,[MOCK] Ок,1 000,[MOCK] Несовместимость,51 000,TRUE,TRUE,[MOCK] Поддержка,[MOCK] Ок,1 000,
Tech Platform,RTFM,Автоматическая деактивация неиспользуемых учётных записей,Автоматическая деактивация...,IT,0,FALSE,TRUE,[MOCK] Логика деактивации,[MOCK] Готово,0,,0,FALSE,TRUE,[MOCK] Скрипт очистки,[MOCK] Готов,0,,35 936,FALSE,FALSE,[MOCK] Запуск скрипта,[MOCK] Запущен,4 642,[MOCK] Удалили лишнее,31 294,TRUE,TRUE,[MOCK] Поддержка,[MOCK] Ок,0,,50 000,TRUE,TRUE,[MOCK] Поддержка,[MOCK] Работает,1 000,,52 000,TRUE,TRUE,[MOCK] Поддержка,[MOCK] Работает,1 000,,0,TRUE,FALSE,[MOCK] Поддержка,[MOCK] Работает,1 000,[MOCK] Ошибка скрипта,0,TRUE,TRUE,[MOCK] Поддержка,[MOCK] Работает,1 000,
Tech Platform,Vzhuh,КБАМ - UUId,Делаем монолит кантри...,IT,11 531 616,FALSE,TRUE,[MOCK] Проектирование схемы,[MOCK] Готово,45 399,,1 400 278,FALSE,TRUE,[MOCK] Миграция таблиц v1,[MOCK] Готово,31 393,,396 740,FALSE,FALSE,[MOCK] Миграция таблиц v2,[MOCK] Готово,5 696,[MOCK] Конфликт данных,227 060,FALSE,TRUE,[MOCK] Завершение миграции,[MOCK] Успешно,16 249,,100 000,TRUE,TRUE,[MOCK] Поддержка,[MOCK] Ок,5 000,,102 000,FALSE,TRUE,[MOCK] Оптимизация,[MOCK] Done,5 000,,98 000,TRUE,FALSE,[MOCK] Поддержка,[MOCK] Ок,5 000,[MOCK] Деградация,101 000,TRUE,TRUE,[MOCK] Поддержка,[MOCK] Ок,5 000,
Tech Platform,Vzhuh,КБАМ - Web Monolith,Схлопывание деплойментов...,IT,0,FALSE,TRUE,[MOCK] Анализ зависимостей,[MOCK] Готово,94 178,,10 887 515,FALSE,TRUE,[MOCK] Объединение сервисов,[MOCK] Готово,5 696,,396 740,FALSE,FALSE,[MOCK] Тестирование монолита,[MOCK] Успешно,16 249,[MOCK] Тесты упали,227 060,FALSE,TRUE,[MOCK] Деплой в прод,[MOCK] Успешно,0,,200 000,TRUE,TRUE,[MOCK] Поддержка,[MOCK] Стабильно,10 000,,205 000,TRUE,TRUE,[MOCK] Поддержка,[MOCK] Стабильно,10 000,,198 000,TRUE,FALSE,[MOCK] Поддержка,[MOCK] Стабильно,10 000,[MOCK] Долгий билд,202 000,TRUE,TRUE,[MOCK] Поддержка,[MOCK] Стабильно,10 000,
Tech Platform,Vzhuh,Kafka Mongo Outbox,Шина транзакционной отправки...,IT,1 461 005,FALSE,TRUE,[MOCK] Разработка коннектора,[MOCK] Готово,15 133,,1 400 278,FALSE,TRUE,[MOCK] Тестирование нагрузки,[MOCK] Ок,31 393,,1 321 131,FALSE,FALSE,[MOCK] Внедрение в сервисы,[MOCK] Внедрено,11 391,[MOCK] Сложности внедрения,0,TRUE,TRUE,[MOCK] Поддержка,[MOCK] Ок,0,,100 000,TRUE,TRUE,[MOCK] Поддержка,[MOCK] Ок,5 000,,102 000,TRUE,TRUE,[MOCK] Поддержка,[MOCK] Ок,5 000,,0,TRUE,FALSE,[MOCK] Поддержка,[MOCK] Ок,5 000,[MOCK] Лаг репликации,0,TRUE,TRUE,[MOCK] Поддержка,[MOCK] Ок,5 000,
Tech Platform,Vzhuh,Сокращение секретов в Dev,Очистка неиспользуемых секретов...,IT,1 461 005,FALSE,TRUE,[MOCK] Аудит секретов,[MOCK] Проведен,15 133,,0,FALSE,TRUE,[MOCK] Удаление старых ключей,[MOCK] Done,0,,0,FALSE,FALSE,[MOCK] Внедрение Vault,[MOCK] Done,0,[MOCK] Vault недоступен,0,TRUE,TRUE,[MOCK] Поддержка,[MOCK] Done,0,,50 000,FALSE,TRUE,[MOCK] Регулярная чистка,[MOCK] Done,1 000,,52 000,TRUE,TRUE,[MOCK] Поддержка,[MOCK] Ок,1 000,,0,TRUE,FALSE,[MOCK] Поддержка,[MOCK] Ок,1 000,[MOCK] Утекли ключи,0,TRUE,TRUE,[MOCK] Поддержка,[MOCK] Ок,1 000,
Tech Platform,Vzhuh,Быстрое развертывание Dev-стендов,Повышение стабильности работы...,IT,0,FALSE,TRUE,[MOCK] Автоматизация деплоя,[MOCK] Готово,17 087,,2 773 171,FALSE,TRUE,[MOCK] Ускорение сборки,[MOCK] -5 мин,48 746,,1 328 965,TRUE,FALSE,[MOCK] Стабилизация стендов,[MOCK] Ок,0,[MOCK] Стенды падают,0,TRUE,TRUE,[MOCK] Поддержка,[MOCK] Done,0,,100 000,TRUE,TRUE,[MOCK] Поддержка,[MOCK] Ок,5 000,,102 000,FALSE,TRUE,[MOCK] Оптимизация ресурсов,[MOCK] -10% CPU,5 000,,98 000,TRUE,FALSE,[MOCK] Поддержка,[MOCK] Ок,5 000,[MOCK] Нехватка RAM,101 000,TRUE,TRUE,[MOCK] Поддержка,[MOCK] Ок,5 000,
Tech Platform,Vzhuh,Рестайлинг Менеджера Смены,Переделка интерфейса...,IT,0,FALSE,TRUE,[MOCK] Дизайн-концепт,[MOCK] Готов,5 696,,396 740,FALSE,TRUE,[MOCK] Верстка новых экранов,[MOCK] Готово,0,,0,FALSE,FALSE,[MOCK] Перевод пользователей,[MOCK] Done,0,[MOCK] Негатив менеджеров,0,TRUE,TRUE,[MOCK] Поддержка,[MOCK] Done,0,,100 000,TRUE,TRUE,[MOCK] Поддержка,[MOCK] Ок,2 000,,102 000,TRUE,TRUE,[MOCK] Поддержка,[MOCK] Ок,2 000,,50 000,TRUE,FALSE,[MOCK] Поддержка,[MOCK] Ок,2 000,[MOCK] Баг верстки,0,TRUE,TRUE,[MOCK] Поддержка,[MOCK] Ок,2 000,
Tech Platform,Vzhuh,NFR Watcher,Инструмент для автоматизации...,IT,0,FALSE,TRUE,[MOCK] Разработка агента,[MOCK] Готово,11 391,,0,FALSE,TRUE,[MOCK] Сбор метрик,[MOCK] Готово,32 497,,1 321 131,FALSE,FALSE,[MOCK] Дашборд NFR,[MOCK] Готов,0,[MOCK] Нет доступа Grafana,653 799,FALSE,TRUE,[MOCK] Запуск мониторинга,[MOCK] Работает,0,,150 000,TRUE,TRUE,[MOCK] Поддержка,[MOCK] Ок,5 000,,155 000,FALSE,TRUE,[MOCK] Новые метрики,[MOCK] Добавлено,5 000,,148 000,TRUE,FALSE,[MOCK] Поддержка,[MOCK] Ок,5 000,[MOCK] Агент завис,152 000,TRUE,TRUE,[MOCK] Поддержка,[MOCK] Ок,5 000,
Tech Platform,Vzhuh,Оптимизация работы с тяжелыми запросами в БД,"Оптимизация работы ""тяжелых""...",IT,0,FALSE,TRUE,[MOCK] Анализ Slow Log,[MOCK] Проведен,48 746,,0,FALSE,TRUE,[MOCK] Оптимизация индексов,[MOCK] Done,0,,0,FALSE,FALSE,[MOCK] Рефакторинг запросов,[MOCK] Done,0,[MOCK] Забыли индекс,1 280 219,TRUE,TRUE,[MOCK] Мониторинг,[MOCK] Ок,0,,100 000,TRUE,TRUE,[MOCK] Поддержка,[MOCK] Стабильно,5 000,,102 000,FALSE,TRUE,[MOCK] Регулярный аудит,[MOCK] Done,5 000,,98 000,TRUE,FALSE,[MOCK] Поддержка,[MOCK] Стабильно,5 000,[MOCK] Deadlock,101 000,TRUE,TRUE,[MOCK] Поддержка,[MOCK] Стабильно,5 000,
FAP,-,Трансферные услуги,Новая инициатива,IT,0,FALSE,TRUE,[MOCK] Анализ рынка,[MOCK] Готово,69 680,,117 976,FALSE,TRUE,[MOCK] Поиск партнеров,[MOCK] Найдено 3,54 379,,72 096,FALSE,FALSE,[MOCK] Интеграция API,[MOCK] Готово,0,[MOCK] API изменилось,0,FALSE,TRUE,[MOCK] Запуск,[MOCK] Успешно,0,,200 000,TRUE,TRUE,[MOCK] Поддержка,[MOCK] Ок,5 000,,205 000,TRUE,TRUE,[MOCK] Поддержка,[MOCK] Ок,5 000,,0,TRUE,FALSE,[MOCK] Поддержка,[MOCK] Ок,5 000,[MOCK] Нет водителей,0,TRUE,TRUE,[MOCK] Поддержка,[MOCK] Ок,5 000,